<?xml version="1.0"?>
<plugins>
 <pyqgis_plugin name="smk luontotyökalut" version="0.3.6">
     <description>Suomen metsäkeskuksen työkalut</description>
     <homepage>https://www.metsakeskus.fi/fi/avoin-metsa-ja-luontotieto/aineistot-paikkatieto-ohjelmille/tyokalut</homepage>
     <qgis_minimum_version>3.26</qgis_minimum_version>
     <file_name>smk_tools.zip</file_name>
     <author_name>SuomenMetsakeskus</author_name>
     <download_url>https://github.com/SuomenMetsakeskus/smk_tools/raw/main/smk_tools.zip</download_url>
 </pyqgis_plugin>
</plugins>