<?xml version="1.0"?>
<plugins>
 <pyqgis_plugin name="smk luontotyökalut" version="1.1.5">
     <description>Suomen metsäkeskuksen työkalut</description>
     <homepage>https://www.metsakeskus.fi/fi/avoin-metsa-ja-luontotieto/aineistot-paikkatieto-ohjelmille/tyokalut</homepage>
     <qgis_minimum_version>3.26</qgis_minimum_version>
     <tags>forest,metsäkeskus,forest centre,säästöpuutyökalu,suojakaistatyökalu</tags>
     <file_name>smk_tools.zip</file_name>
     <author_name>SuomenMetsakeskus</author_name>
     <email>luontotieto@metsakeskus.fi</email>
     <download_url>https://github.com/SuomenMetsakeskus/smk_tools/raw/main/smk_tools.zip</download_url>
 </pyqgis_plugin>
</plugins>