<?xml version="1.0"?>
<plugins>
 <pyqgis_plugin name="smk_tools" version="0.2">
     <description>Convert input files to output FiberPlanIT shapefiles</description>
     <homepage>https://github.com/MikkoKesala/smk_tools</homepage>
     <qgis_minimum_version>3.0</qgis_minimum_version>
     <file_name>smk_tools.zip</file_name>
     <author_name>MikkoKesala</author_name>
     <download_url>https://github.com/MikkoKesala/smk_tools/blob/main/smk_tools.zip</download_url>
 </pyqgis_plugin>
</plugins>